ride,taxi,driver
http://www.semanticweb.org/TaxiRides/Ride#1,http://www.semanticweb.org/TaxiRides/Taxi#2013000001,http://www.semanticweb.org/TaxiRides/Driver#2013000001
http://www.semanticweb.org/TaxiRides/Ride#2,http://www.semanticweb.org/TaxiRides/Taxi#2013000002,http://www.semanticweb.org/TaxiRides/Driver#2013000002
http://www.semanticweb.org/TaxiRides/Ride#31,http://www.semanticweb.org/TaxiRides/Taxi#2013000031,http://www.semanticweb.org/TaxiRides/Driver#2013000031
http://www.semanticweb.org/TaxiRides/Ride#30,http://www.semanticweb.org/TaxiRides/Taxi#2013000030,http://www.semanticweb.org/TaxiRides/Driver#2013000030
http://www.semanticweb.org/TaxiRides/Ride#32,http://www.semanticweb.org/TaxiRides/Taxi#2013000032,http://www.semanticweb.org/TaxiRides/Driver#2013000032
http://www.semanticweb.org/TaxiRides/Ride#29,http://www.semanticweb.org/TaxiRides/Taxi#2013000029,http://www.semanticweb.org/TaxiRides/Driver#2013000029
http://www.semanticweb.org/TaxiRides/Ride#33,http://www.semanticweb.org/TaxiRides/Taxi#2013000033,http://www.semanticweb.org/TaxiRides/Driver#2013000033
http://www.semanticweb.org/TaxiRides/Ride#28,http://www.semanticweb.org/TaxiRides/Taxi#2013000028,http://www.semanticweb.org/TaxiRides/Driver#2013000028
http://www.semanticweb.org/TaxiRides/Ride#34,http://www.semanticweb.org/TaxiRides/Taxi#2013000034,http://www.semanticweb.org/TaxiRides/Driver#2013000034
http://www.semanticweb.org/TaxiRides/Ride#27,http://www.semanticweb.org/TaxiRides/Taxi#2013000027,http://www.semanticweb.org/TaxiRides/Driver#2013000027
http://www.semanticweb.org/TaxiRides/Ride#35,http://www.semanticweb.org/TaxiRides/Taxi#2013000035,http://www.semanticweb.org/TaxiRides/Driver#2013000035
http://www.semanticweb.org/TaxiRides/Ride#26,http://www.semanticweb.org/TaxiRides/Taxi#2013000026,http://www.semanticweb.org/TaxiRides/Driver#2013000026
http://www.semanticweb.org/TaxiRides/Ride#36,http://www.semanticweb.org/TaxiRides/Taxi#2013000036,http://www.semanticweb.org/TaxiRides/Driver#2013000036
http://www.semanticweb.org/TaxiRides/Ride#25,http://www.semanticweb.org/TaxiRides/Taxi#2013000025,http://www.semanticweb.org/TaxiRides/Driver#2013000025
http://www.semanticweb.org/TaxiRides/Ride#37,http://www.semanticweb.org/TaxiRides/Taxi#2013000037,http://www.semanticweb.org/TaxiRides/Driver#2013000037
http://www.semanticweb.org/TaxiRides/Ride#24,http://www.semanticweb.org/TaxiRides/Taxi#2013000024,http://www.semanticweb.org/TaxiRides/Driver#2013000024
http://www.semanticweb.org/TaxiRides/Ride#38,http://www.semanticweb.org/TaxiRides/Taxi#2013000038,http://www.semanticweb.org/TaxiRides/Driver#2013000038
http://www.semanticweb.org/TaxiRides/Ride#23,http://www.semanticweb.org/TaxiRides/Taxi#2013000023,http://www.semanticweb.org/TaxiRides/Driver#2013000023
http://www.semanticweb.org/TaxiRides/Ride#39,http://www.semanticweb.org/TaxiRides/Taxi#2013000039,http://www.semanticweb.org/TaxiRides/Driver#2013000039
http://www.semanticweb.org/TaxiRides/Ride#22,http://www.semanticweb.org/TaxiRides/Taxi#2013000022,http://www.semanticweb.org/TaxiRides/Driver#2013000022
http://www.semanticweb.org/TaxiRides/Ride#40,http://www.semanticweb.org/TaxiRides/Taxi#2013000040,http://www.semanticweb.org/TaxiRides/Driver#2013000040
http://www.semanticweb.org/TaxiRides/Ride#21,http://www.semanticweb.org/TaxiRides/Taxi#2013000021,http://www.semanticweb.org/TaxiRides/Driver#2013000021
http://www.semanticweb.org/TaxiRides/Ride#41,http://www.semanticweb.org/TaxiRides/Taxi#2013000041,http://www.semanticweb.org/TaxiRides/Driver#2013000041
http://www.semanticweb.org/TaxiRides/Ride#20,http://www.semanticweb.org/TaxiRides/Taxi#2013000020,http://www.semanticweb.org/TaxiRides/Driver#2013000020
http://www.semanticweb.org/TaxiRides/Ride#42,http://www.semanticweb.org/TaxiRides/Taxi#2013000042,http://www.semanticweb.org/TaxiRides/Driver#2013000042
http://www.semanticweb.org/TaxiRides/Ride#19,http://www.semanticweb.org/TaxiRides/Taxi#2013000019,http://www.semanticweb.org/TaxiRides/Driver#2013000019
http://www.semanticweb.org/TaxiRides/Ride#43,http://www.semanticweb.org/TaxiRides/Taxi#2013000043,http://www.semanticweb.org/TaxiRides/Driver#2013000043
http://www.semanticweb.org/TaxiRides/Ride#18,http://www.semanticweb.org/TaxiRides/Taxi#2013000018,http://www.semanticweb.org/TaxiRides/Driver#2013000018
http://www.semanticweb.org/TaxiRides/Ride#44,http://www.semanticweb.org/TaxiRides/Taxi#2013000044,http://www.semanticweb.org/TaxiRides/Driver#2013000044
http://www.semanticweb.org/TaxiRides/Ride#17,http://www.semanticweb.org/TaxiRides/Taxi#2013000017,http://www.semanticweb.org/TaxiRides/Driver#2013000017
http://www.semanticweb.org/TaxiRides/Ride#45,http://www.semanticweb.org/TaxiRides/Taxi#2013000045,http://www.semanticweb.org/TaxiRides/Driver#2013000045
http://www.semanticweb.org/TaxiRides/Ride#16,http://www.semanticweb.org/TaxiRides/Taxi#2013000016,http://www.semanticweb.org/TaxiRides/Driver#2013000016
http://www.semanticweb.org/TaxiRides/Ride#46,http://www.semanticweb.org/TaxiRides/Taxi#2013000046,http://www.semanticweb.org/TaxiRides/Driver#2013000046
http://www.semanticweb.org/TaxiRides/Ride#15,http://www.semanticweb.org/TaxiRides/Taxi#2013000015,http://www.semanticweb.org/TaxiRides/Driver#2013000015
http://www.semanticweb.org/TaxiRides/Ride#47,http://www.semanticweb.org/TaxiRides/Taxi#2013000047,http://www.semanticweb.org/TaxiRides/Driver#2013000047
http://www.semanticweb.org/TaxiRides/Ride#14,http://www.semanticweb.org/TaxiRides/Taxi#2013000014,http://www.semanticweb.org/TaxiRides/Driver#2013000014
http://www.semanticweb.org/TaxiRides/Ride#48,http://www.semanticweb.org/TaxiRides/Taxi#2013000048,http://www.semanticweb.org/TaxiRides/Driver#2013000048
http://www.semanticweb.org/TaxiRides/Ride#13,http://www.semanticweb.org/TaxiRides/Taxi#2013000013,http://www.semanticweb.org/TaxiRides/Driver#2013000013
http://www.semanticweb.org/TaxiRides/Ride#49,http://www.semanticweb.org/TaxiRides/Taxi#2013000049,http://www.semanticweb.org/TaxiRides/Driver#2013000049
http://www.semanticweb.org/TaxiRides/Ride#12,http://www.semanticweb.org/TaxiRides/Taxi#2013000012,http://www.semanticweb.org/TaxiRides/Driver#2013000012
http://www.semanticweb.org/TaxiRides/Ride#50,http://www.semanticweb.org/TaxiRides/Taxi#2013000050,http://www.semanticweb.org/TaxiRides/Driver#2013000050
http://www.semanticweb.org/TaxiRides/Ride#11,http://www.semanticweb.org/TaxiRides/Taxi#2013000011,http://www.semanticweb.org/TaxiRides/Driver#2013000011
http://www.semanticweb.org/TaxiRides/Ride#51,http://www.semanticweb.org/TaxiRides/Taxi#2013000051,http://www.semanticweb.org/TaxiRides/Driver#2013000051
http://www.semanticweb.org/TaxiRides/Ride#10,http://www.semanticweb.org/TaxiRides/Taxi#2013000010,http://www.semanticweb.org/TaxiRides/Driver#2013000010
http://www.semanticweb.org/TaxiRides/Ride#52,http://www.semanticweb.org/TaxiRides/Taxi#2013000052,http://www.semanticweb.org/TaxiRides/Driver#2013000052
http://www.semanticweb.org/TaxiRides/Ride#9,http://www.semanticweb.org/TaxiRides/Taxi#2013000009,http://www.semanticweb.org/TaxiRides/Driver#2013000009
http://www.semanticweb.org/TaxiRides/Ride#53,http://www.semanticweb.org/TaxiRides/Taxi#2013000053,http://www.semanticweb.org/TaxiRides/Driver#2013000053
http://www.semanticweb.org/TaxiRides/Ride#8,http://www.semanticweb.org/TaxiRides/Taxi#2013000008,http://www.semanticweb.org/TaxiRides/Driver#2013000008
http://www.semanticweb.org/TaxiRides/Ride#54,http://www.semanticweb.org/TaxiRides/Taxi#2013000054,http://www.semanticweb.org/TaxiRides/Driver#2013000054
http://www.semanticweb.org/TaxiRides/Ride#7,http://www.semanticweb.org/TaxiRides/Taxi#2013000007,http://www.semanticweb.org/TaxiRides/Driver#2013000007
http://www.semanticweb.org/TaxiRides/Ride#55,http://www.semanticweb.org/TaxiRides/Taxi#2013000055,http://www.semanticweb.org/TaxiRides/Driver#2013000055
http://www.semanticweb.org/TaxiRides/Ride#6,http://www.semanticweb.org/TaxiRides/Taxi#2013000006,http://www.semanticweb.org/TaxiRides/Driver#2013000006
http://www.semanticweb.org/TaxiRides/Ride#56,http://www.semanticweb.org/TaxiRides/Taxi#2013000056,http://www.semanticweb.org/TaxiRides/Driver#2013000056
http://www.semanticweb.org/TaxiRides/Ride#5,http://www.semanticweb.org/TaxiRides/Taxi#2013000005,http://www.semanticweb.org/TaxiRides/Driver#2013000005
http://www.semanticweb.org/TaxiRides/Ride#57,http://www.semanticweb.org/TaxiRides/Taxi#2013000057,http://www.semanticweb.org/TaxiRides/Driver#2013000057
http://www.semanticweb.org/TaxiRides/Ride#4,http://www.semanticweb.org/TaxiRides/Taxi#2013000004,http://www.semanticweb.org/TaxiRides/Driver#2013000004
http://www.semanticweb.org/TaxiRides/Ride#58,http://www.semanticweb.org/TaxiRides/Taxi#2013000058,http://www.semanticweb.org/TaxiRides/Driver#2013000058
http://www.semanticweb.org/TaxiRides/Ride#3,http://www.semanticweb.org/TaxiRides/Taxi#2013000003,http://www.semanticweb.org/TaxiRides/Driver#2013000003
http://www.semanticweb.org/TaxiRides/Ride#59,http://www.semanticweb.org/TaxiRides/Taxi#2013000059,http://www.semanticweb.org/TaxiRides/Driver#2013000059
http://www.semanticweb.org/TaxiRides/Ride#60,http://www.semanticweb.org/TaxiRides/Taxi#2013000060,http://www.semanticweb.org/TaxiRides/Driver#2013000060
http://www.semanticweb.org/TaxiRides/Ride#61,http://www.semanticweb.org/TaxiRides/Taxi#2013000061,http://www.semanticweb.org/TaxiRides/Driver#2013000061
http://www.semanticweb.org/TaxiRides/Ride#62,http://www.semanticweb.org/TaxiRides/Taxi#2013000062,http://www.semanticweb.org/TaxiRides/Driver#2013000062
http://www.semanticweb.org/TaxiRides/Ride#63,http://www.semanticweb.org/TaxiRides/Taxi#2013000063,http://www.semanticweb.org/TaxiRides/Driver#2013000063
http://www.semanticweb.org/TaxiRides/Ride#64,http://www.semanticweb.org/TaxiRides/Taxi#2013000064,http://www.semanticweb.org/TaxiRides/Driver#2013000064
http://www.semanticweb.org/TaxiRides/Ride#65,http://www.semanticweb.org/TaxiRides/Taxi#2013000065,http://www.semanticweb.org/TaxiRides/Driver#2013000065
http://www.semanticweb.org/TaxiRides/Ride#66,http://www.semanticweb.org/TaxiRides/Taxi#2013000066,http://www.semanticweb.org/TaxiRides/Driver#2013000066
http://www.semanticweb.org/TaxiRides/Ride#67,http://www.semanticweb.org/TaxiRides/Taxi#2013000067,http://www.semanticweb.org/TaxiRides/Driver#2013000067
http://www.semanticweb.org/TaxiRides/Ride#68,http://www.semanticweb.org/TaxiRides/Taxi#2013000068,http://www.semanticweb.org/TaxiRides/Driver#2013000068
http://www.semanticweb.org/TaxiRides/Ride#69,http://www.semanticweb.org/TaxiRides/Taxi#2013000069,http://www.semanticweb.org/TaxiRides/Driver#2013000069
http://www.semanticweb.org/TaxiRides/Ride#70,http://www.semanticweb.org/TaxiRides/Taxi#2013000070,http://www.semanticweb.org/TaxiRides/Driver#2013000070
http://www.semanticweb.org/TaxiRides/Ride#71,http://www.semanticweb.org/TaxiRides/Taxi#2013000071,http://www.semanticweb.org/TaxiRides/Driver#2013000071
http://www.semanticweb.org/TaxiRides/Ride#72,http://www.semanticweb.org/TaxiRides/Taxi#2013000072,http://www.semanticweb.org/TaxiRides/Driver#2013000072
http://www.semanticweb.org/TaxiRides/Ride#73,http://www.semanticweb.org/TaxiRides/Taxi#2013000073,http://www.semanticweb.org/TaxiRides/Driver#2013000073
http://www.semanticweb.org/TaxiRides/Ride#74,http://www.semanticweb.org/TaxiRides/Taxi#2013000074,http://www.semanticweb.org/TaxiRides/Driver#2013000074
http://www.semanticweb.org/TaxiRides/Ride#75,http://www.semanticweb.org/TaxiRides/Taxi#2013000075,http://www.semanticweb.org/TaxiRides/Driver#2013000075
http://www.semanticweb.org/TaxiRides/Ride#76,http://www.semanticweb.org/TaxiRides/Taxi#2013000076,http://www.semanticweb.org/TaxiRides/Driver#2013000076
http://www.semanticweb.org/TaxiRides/Ride#77,http://www.semanticweb.org/TaxiRides/Taxi#2013000077,http://www.semanticweb.org/TaxiRides/Driver#2013000077
http://www.semanticweb.org/TaxiRides/Ride#78,http://www.semanticweb.org/TaxiRides/Taxi#2013000078,http://www.semanticweb.org/TaxiRides/Driver#2013000078
http://www.semanticweb.org/TaxiRides/Ride#79,http://www.semanticweb.org/TaxiRides/Taxi#2013000079,http://www.semanticweb.org/TaxiRides/Driver#2013000079
http://www.semanticweb.org/TaxiRides/Ride#80,http://www.semanticweb.org/TaxiRides/Taxi#2013000080,http://www.semanticweb.org/TaxiRides/Driver#2013000080
http://www.semanticweb.org/TaxiRides/Ride#81,http://www.semanticweb.org/TaxiRides/Taxi#2013000081,http://www.semanticweb.org/TaxiRides/Driver#2013000081
http://www.semanticweb.org/TaxiRides/Ride#82,http://www.semanticweb.org/TaxiRides/Taxi#2013000082,http://www.semanticweb.org/TaxiRides/Driver#2013000082
http://www.semanticweb.org/TaxiRides/Ride#83,http://www.semanticweb.org/TaxiRides/Taxi#2013000083,http://www.semanticweb.org/TaxiRides/Driver#2013000083
http://www.semanticweb.org/TaxiRides/Ride#84,http://www.semanticweb.org/TaxiRides/Taxi#2013000084,http://www.semanticweb.org/TaxiRides/Driver#2013000084
http://www.semanticweb.org/TaxiRides/Ride#85,http://www.semanticweb.org/TaxiRides/Taxi#2013000085,http://www.semanticweb.org/TaxiRides/Driver#2013000085
http://www.semanticweb.org/TaxiRides/Ride#86,http://www.semanticweb.org/TaxiRides/Taxi#2013000086,http://www.semanticweb.org/TaxiRides/Driver#2013000086
http://www.semanticweb.org/TaxiRides/Ride#87,http://www.semanticweb.org/TaxiRides/Taxi#2013000087,http://www.semanticweb.org/TaxiRides/Driver#2013000087
http://www.semanticweb.org/TaxiRides/Ride#88,http://www.semanticweb.org/TaxiRides/Taxi#2013000088,http://www.semanticweb.org/TaxiRides/Driver#2013000088
http://www.semanticweb.org/TaxiRides/Ride#89,http://www.semanticweb.org/TaxiRides/Taxi#2013000089,http://www.semanticweb.org/TaxiRides/Driver#2013000089
http://www.semanticweb.org/TaxiRides/Ride#90,http://www.semanticweb.org/TaxiRides/Taxi#2013000090,http://www.semanticweb.org/TaxiRides/Driver#2013000090
http://www.semanticweb.org/TaxiRides/Ride#91,http://www.semanticweb.org/TaxiRides/Taxi#2013000091,http://www.semanticweb.org/TaxiRides/Driver#2013000091
http://www.semanticweb.org/TaxiRides/Ride#92,http://www.semanticweb.org/TaxiRides/Taxi#2013000092,http://www.semanticweb.org/TaxiRides/Driver#2013000092
http://www.semanticweb.org/TaxiRides/Ride#93,http://www.semanticweb.org/TaxiRides/Taxi#2013000093,http://www.semanticweb.org/TaxiRides/Driver#2013000093
http://www.semanticweb.org/TaxiRides/Ride#94,http://www.semanticweb.org/TaxiRides/Taxi#2013000094,http://www.semanticweb.org/TaxiRides/Driver#2013000094
http://www.semanticweb.org/TaxiRides/Ride#95,http://www.semanticweb.org/TaxiRides/Taxi#2013000095,http://www.semanticweb.org/TaxiRides/Driver#2013000095
http://www.semanticweb.org/TaxiRides/Ride#96,http://www.semanticweb.org/TaxiRides/Taxi#2013000096,http://www.semanticweb.org/TaxiRides/Driver#2013000096
http://www.semanticweb.org/TaxiRides/Ride#97,http://www.semanticweb.org/TaxiRides/Taxi#2013000097,http://www.semanticweb.org/TaxiRides/Driver#2013000097
http://www.semanticweb.org/TaxiRides/Ride#98,http://www.semanticweb.org/TaxiRides/Taxi#2013000098,http://www.semanticweb.org/TaxiRides/Driver#2013000098
http://www.semanticweb.org/TaxiRides/Ride#99,http://www.semanticweb.org/TaxiRides/Taxi#2013000099,http://www.semanticweb.org/TaxiRides/Driver#2013000099
http://www.semanticweb.org/TaxiRides/Ride#100,http://www.semanticweb.org/TaxiRides/Taxi#2013000100,http://www.semanticweb.org/TaxiRides/Driver#2013000100
http://www.semanticweb.org/TaxiRides/Ride#101,http://www.semanticweb.org/TaxiRides/Taxi#2013000101,http://www.semanticweb.org/TaxiRides/Driver#2013000101
http://www.semanticweb.org/TaxiRides/Ride#102,http://www.semanticweb.org/TaxiRides/Taxi#2013000102,http://www.semanticweb.org/TaxiRides/Driver#2013000102
http://www.semanticweb.org/TaxiRides/Ride#103,http://www.semanticweb.org/TaxiRides/Taxi#2013000103,http://www.semanticweb.org/TaxiRides/Driver#2013000103
http://www.semanticweb.org/TaxiRides/Ride#104,http://www.semanticweb.org/TaxiRides/Taxi#2013000104,http://www.semanticweb.org/TaxiRides/Driver#2013000104
http://www.semanticweb.org/TaxiRides/Ride#105,http://www.semanticweb.org/TaxiRides/Taxi#2013000105,http://www.semanticweb.org/TaxiRides/Driver#2013000105
http://www.semanticweb.org/TaxiRides/Ride#106,http://www.semanticweb.org/TaxiRides/Taxi#2013000106,http://www.semanticweb.org/TaxiRides/Driver#2013000106
http://www.semanticweb.org/TaxiRides/Ride#107,http://www.semanticweb.org/TaxiRides/Taxi#2013000107,http://www.semanticweb.org/TaxiRides/Driver#2013000107
http://www.semanticweb.org/TaxiRides/Ride#108,http://www.semanticweb.org/TaxiRides/Taxi#2013000108,http://www.semanticweb.org/TaxiRides/Driver#2013000108
http://www.semanticweb.org/TaxiRides/Ride#109,http://www.semanticweb.org/TaxiRides/Taxi#2013000109,http://www.semanticweb.org/TaxiRides/Driver#2013000109
http://www.semanticweb.org/TaxiRides/Ride#110,http://www.semanticweb.org/TaxiRides/Taxi#2013000110,http://www.semanticweb.org/TaxiRides/Driver#2013000110
http://www.semanticweb.org/TaxiRides/Ride#111,http://www.semanticweb.org/TaxiRides/Taxi#2013000111,http://www.semanticweb.org/TaxiRides/Driver#2013000111
http://www.semanticweb.org/TaxiRides/Ride#119,http://www.semanticweb.org/TaxiRides/Taxi#2013000119,http://www.semanticweb.org/TaxiRides/Driver#2013000119
http://www.semanticweb.org/TaxiRides/Ride#120,http://www.semanticweb.org/TaxiRides/Taxi#2013000120,http://www.semanticweb.org/TaxiRides/Driver#2013000120
http://www.semanticweb.org/TaxiRides/Ride#118,http://www.semanticweb.org/TaxiRides/Taxi#2013000118,http://www.semanticweb.org/TaxiRides/Driver#2013000118
http://www.semanticweb.org/TaxiRides/Ride#121,http://www.semanticweb.org/TaxiRides/Taxi#2013000121,http://www.semanticweb.org/TaxiRides/Driver#2013000121
http://www.semanticweb.org/TaxiRides/Ride#117,http://www.semanticweb.org/TaxiRides/Taxi#2013000117,http://www.semanticweb.org/TaxiRides/Driver#2013000117
http://www.semanticweb.org/TaxiRides/Ride#122,http://www.semanticweb.org/TaxiRides/Taxi#2013000122,http://www.semanticweb.org/TaxiRides/Driver#2013000122
http://www.semanticweb.org/TaxiRides/Ride#116,http://www.semanticweb.org/TaxiRides/Taxi#2013000116,http://www.semanticweb.org/TaxiRides/Driver#2013000116
http://www.semanticweb.org/TaxiRides/Ride#123,http://www.semanticweb.org/TaxiRides/Taxi#2013000123,http://www.semanticweb.org/TaxiRides/Driver#2013000123
http://www.semanticweb.org/TaxiRides/Ride#115,http://www.semanticweb.org/TaxiRides/Taxi#2013000115,http://www.semanticweb.org/TaxiRides/Driver#2013000115
http://www.semanticweb.org/TaxiRides/Ride#124,http://www.semanticweb.org/TaxiRides/Taxi#2013000124,http://www.semanticweb.org/TaxiRides/Driver#2013000124
http://www.semanticweb.org/TaxiRides/Ride#114,http://www.semanticweb.org/TaxiRides/Taxi#2013000114,http://www.semanticweb.org/TaxiRides/Driver#2013000114
http://www.semanticweb.org/TaxiRides/Ride#125,http://www.semanticweb.org/TaxiRides/Taxi#2013000125,http://www.semanticweb.org/TaxiRides/Driver#2013000125
http://www.semanticweb.org/TaxiRides/Ride#113,http://www.semanticweb.org/TaxiRides/Taxi#2013000113,http://www.semanticweb.org/TaxiRides/Driver#2013000113
http://www.semanticweb.org/TaxiRides/Ride#126,http://www.semanticweb.org/TaxiRides/Taxi#2013000126,http://www.semanticweb.org/TaxiRides/Driver#2013000126
http://www.semanticweb.org/TaxiRides/Ride#112,http://www.semanticweb.org/TaxiRides/Taxi#2013000112,http://www.semanticweb.org/TaxiRides/Driver#2013000112
http://www.semanticweb.org/TaxiRides/Ride#127,http://www.semanticweb.org/TaxiRides/Taxi#2013000127,http://www.semanticweb.org/TaxiRides/Driver#2013000127
http://www.semanticweb.org/TaxiRides/Ride#128,http://www.semanticweb.org/TaxiRides/Taxi#2013000128,http://www.semanticweb.org/TaxiRides/Driver#2013000128
http://www.semanticweb.org/TaxiRides/Ride#129,http://www.semanticweb.org/TaxiRides/Taxi#2013000129,http://www.semanticweb.org/TaxiRides/Driver#2013000129
http://www.semanticweb.org/TaxiRides/Ride#150,http://www.semanticweb.org/TaxiRides/Taxi#2013000150,http://www.semanticweb.org/TaxiRides/Driver#2013000150
http://www.semanticweb.org/TaxiRides/Ride#149,http://www.semanticweb.org/TaxiRides/Taxi#2013000149,http://www.semanticweb.org/TaxiRides/Driver#2013000149
http://www.semanticweb.org/TaxiRides/Ride#151,http://www.semanticweb.org/TaxiRides/Taxi#2013000151,http://www.semanticweb.org/TaxiRides/Driver#2013000151
http://www.semanticweb.org/TaxiRides/Ride#148,http://www.semanticweb.org/TaxiRides/Taxi#2013000148,http://www.semanticweb.org/TaxiRides/Driver#2013000148
http://www.semanticweb.org/TaxiRides/Ride#152,http://www.semanticweb.org/TaxiRides/Taxi#2013000152,http://www.semanticweb.org/TaxiRides/Driver#2013000152
http://www.semanticweb.org/TaxiRides/Ride#147,http://www.semanticweb.org/TaxiRides/Taxi#2013000147,http://www.semanticweb.org/TaxiRides/Driver#2013000147
http://www.semanticweb.org/TaxiRides/Ride#153,http://www.semanticweb.org/TaxiRides/Taxi#2013000153,http://www.semanticweb.org/TaxiRides/Driver#2013000153
http://www.semanticweb.org/TaxiRides/Ride#146,http://www.semanticweb.org/TaxiRides/Taxi#2013000146,http://www.semanticweb.org/TaxiRides/Driver#2013000146
http://www.semanticweb.org/TaxiRides/Ride#154,http://www.semanticweb.org/TaxiRides/Taxi#2013000154,http://www.semanticweb.org/TaxiRides/Driver#2013000154
http://www.semanticweb.org/TaxiRides/Ride#145,http://www.semanticweb.org/TaxiRides/Taxi#2013000145,http://www.semanticweb.org/TaxiRides/Driver#2013000145
http://www.semanticweb.org/TaxiRides/Ride#155,http://www.semanticweb.org/TaxiRides/Taxi#2013000155,http://www.semanticweb.org/TaxiRides/Driver#2013000155
http://www.semanticweb.org/TaxiRides/Ride#144,http://www.semanticweb.org/TaxiRides/Taxi#2013000144,http://www.semanticweb.org/TaxiRides/Driver#2013000144
http://www.semanticweb.org/TaxiRides/Ride#156,http://www.semanticweb.org/TaxiRides/Taxi#2013000156,http://www.semanticweb.org/TaxiRides/Driver#2013000156
http://www.semanticweb.org/TaxiRides/Ride#143,http://www.semanticweb.org/TaxiRides/Taxi#2013000143,http://www.semanticweb.org/TaxiRides/Driver#2013000143
http://www.semanticweb.org/TaxiRides/Ride#157,http://www.semanticweb.org/TaxiRides/Taxi#2013000157,http://www.semanticweb.org/TaxiRides/Driver#2013000157
http://www.semanticweb.org/TaxiRides/Ride#142,http://www.semanticweb.org/TaxiRides/Taxi#2013000142,http://www.semanticweb.org/TaxiRides/Driver#2013000142
http://www.semanticweb.org/TaxiRides/Ride#158,http://www.semanticweb.org/TaxiRides/Taxi#2013000158,http://www.semanticweb.org/TaxiRides/Driver#2013000158
http://www.semanticweb.org/TaxiRides/Ride#141,http://www.semanticweb.org/TaxiRides/Taxi#2013000141,http://www.semanticweb.org/TaxiRides/Driver#2013000141
http://www.semanticweb.org/TaxiRides/Ride#159,http://www.semanticweb.org/TaxiRides/Taxi#2013000159,http://www.semanticweb.org/TaxiRides/Driver#2013000159
http://www.semanticweb.org/TaxiRides/Ride#140,http://www.semanticweb.org/TaxiRides/Taxi#2013000140,http://www.semanticweb.org/TaxiRides/Driver#2013000140
http://www.semanticweb.org/TaxiRides/Ride#160,http://www.semanticweb.org/TaxiRides/Taxi#2013000160,http://www.semanticweb.org/TaxiRides/Driver#2013000160
http://www.semanticweb.org/TaxiRides/Ride#139,http://www.semanticweb.org/TaxiRides/Taxi#2013000139,http://www.semanticweb.org/TaxiRides/Driver#2013000139
http://www.semanticweb.org/TaxiRides/Ride#161,http://www.semanticweb.org/TaxiRides/Taxi#2013000161,http://www.semanticweb.org/TaxiRides/Driver#2013000161
http://www.semanticweb.org/TaxiRides/Ride#138,http://www.semanticweb.org/TaxiRides/Taxi#2013000138,http://www.semanticweb.org/TaxiRides/Driver#2013000138
http://www.semanticweb.org/TaxiRides/Ride#162,http://www.semanticweb.org/TaxiRides/Taxi#2013000162,http://www.semanticweb.org/TaxiRides/Driver#2013000162
http://www.semanticweb.org/TaxiRides/Ride#137,http://www.semanticweb.org/TaxiRides/Taxi#2013000137,http://www.semanticweb.org/TaxiRides/Driver#2013000137
http://www.semanticweb.org/TaxiRides/Ride#163,http://www.semanticweb.org/TaxiRides/Taxi#2013000163,http://www.semanticweb.org/TaxiRides/Driver#2013000163
http://www.semanticweb.org/TaxiRides/Ride#136,http://www.semanticweb.org/TaxiRides/Taxi#2013000136,http://www.semanticweb.org/TaxiRides/Driver#2013000136
http://www.semanticweb.org/TaxiRides/Ride#164,http://www.semanticweb.org/TaxiRides/Taxi#2013000164,http://www.semanticweb.org/TaxiRides/Driver#2013000164
http://www.semanticweb.org/TaxiRides/Ride#135,http://www.semanticweb.org/TaxiRides/Taxi#2013000135,http://www.semanticweb.org/TaxiRides/Driver#2013000135
http://www.semanticweb.org/TaxiRides/Ride#165,http://www.semanticweb.org/TaxiRides/Taxi#2013000165,http://www.semanticweb.org/TaxiRides/Driver#2013000165
http://www.semanticweb.org/TaxiRides/Ride#134,http://www.semanticweb.org/TaxiRides/Taxi#2013000134,http://www.semanticweb.org/TaxiRides/Driver#2013000134
http://www.semanticweb.org/TaxiRides/Ride#166,http://www.semanticweb.org/TaxiRides/Taxi#2013000166,http://www.semanticweb.org/TaxiRides/Driver#2013000166
http://www.semanticweb.org/TaxiRides/Ride#133,http://www.semanticweb.org/TaxiRides/Taxi#2013000133,http://www.semanticweb.org/TaxiRides/Driver#2013000133
http://www.semanticweb.org/TaxiRides/Ride#167,http://www.semanticweb.org/TaxiRides/Taxi#2013000167,http://www.semanticweb.org/TaxiRides/Driver#2013000167
http://www.semanticweb.org/TaxiRides/Ride#132,http://www.semanticweb.org/TaxiRides/Taxi#2013000132,http://www.semanticweb.org/TaxiRides/Driver#2013000132
http://www.semanticweb.org/TaxiRides/Ride#168,http://www.semanticweb.org/TaxiRides/Taxi#2013000168,http://www.semanticweb.org/TaxiRides/Driver#2013000168
http://www.semanticweb.org/TaxiRides/Ride#131,http://www.semanticweb.org/TaxiRides/Taxi#2013000131,http://www.semanticweb.org/TaxiRides/Driver#2013000131
http://www.semanticweb.org/TaxiRides/Ride#169,http://www.semanticweb.org/TaxiRides/Taxi#2013000169,http://www.semanticweb.org/TaxiRides/Driver#2013000169
http://www.semanticweb.org/TaxiRides/Ride#130,http://www.semanticweb.org/TaxiRides/Taxi#2013000130,http://www.semanticweb.org/TaxiRides/Driver#2013000130
http://www.semanticweb.org/TaxiRides/Ride#170,http://www.semanticweb.org/TaxiRides/Taxi#2013000170,http://www.semanticweb.org/TaxiRides/Driver#2013000170
http://www.semanticweb.org/TaxiRides/Ride#171,http://www.semanticweb.org/TaxiRides/Taxi#2013000171,http://www.semanticweb.org/TaxiRides/Driver#2013000171
http://www.semanticweb.org/TaxiRides/Ride#172,http://www.semanticweb.org/TaxiRides/Taxi#2013000172,http://www.semanticweb.org/TaxiRides/Driver#2013000172
http://www.semanticweb.org/TaxiRides/Ride#173,http://www.semanticweb.org/TaxiRides/Taxi#2013000173,http://www.semanticweb.org/TaxiRides/Driver#2013000173
http://www.semanticweb.org/TaxiRides/Ride#174,http://www.semanticweb.org/TaxiRides/Taxi#2013000174,http://www.semanticweb.org/TaxiRides/Driver#2013000174
http://www.semanticweb.org/TaxiRides/Ride#175,http://www.semanticweb.org/TaxiRides/Taxi#2013000175,http://www.semanticweb.org/TaxiRides/Driver#2013000175
http://www.semanticweb.org/TaxiRides/Ride#176,http://www.semanticweb.org/TaxiRides/Taxi#2013000176,http://www.semanticweb.org/TaxiRides/Driver#2013000176
http://www.semanticweb.org/TaxiRides/Ride#177,http://www.semanticweb.org/TaxiRides/Taxi#2013000177,http://www.semanticweb.org/TaxiRides/Driver#2013000177
http://www.semanticweb.org/TaxiRides/Ride#178,http://www.semanticweb.org/TaxiRides/Taxi#2013000178,http://www.semanticweb.org/TaxiRides/Driver#2013000178
http://www.semanticweb.org/TaxiRides/Ride#179,http://www.semanticweb.org/TaxiRides/Taxi#2013000179,http://www.semanticweb.org/TaxiRides/Driver#2013000179
http://www.semanticweb.org/TaxiRides/Ride#180,http://www.semanticweb.org/TaxiRides/Taxi#2013000180,http://www.semanticweb.org/TaxiRides/Driver#2013000180
http://www.semanticweb.org/TaxiRides/Ride#181,http://www.semanticweb.org/TaxiRides/Taxi#2013000181,http://www.semanticweb.org/TaxiRides/Driver#2013000181
http://www.semanticweb.org/TaxiRides/Ride#182,http://www.semanticweb.org/TaxiRides/Taxi#2013000182,http://www.semanticweb.org/TaxiRides/Driver#2013000182
http://www.semanticweb.org/TaxiRides/Ride#183,http://www.semanticweb.org/TaxiRides/Taxi#2013000183,http://www.semanticweb.org/TaxiRides/Driver#2013000183
http://www.semanticweb.org/TaxiRides/Ride#184,http://www.semanticweb.org/TaxiRides/Taxi#2013000184,http://www.semanticweb.org/TaxiRides/Driver#2013000184
http://www.semanticweb.org/TaxiRides/Ride#185,http://www.semanticweb.org/TaxiRides/Taxi#2013000185,http://www.semanticweb.org/TaxiRides/Driver#2013000185
http://www.semanticweb.org/TaxiRides/Ride#186,http://www.semanticweb.org/TaxiRides/Taxi#2013000186,http://www.semanticweb.org/TaxiRides/Driver#2013000186
http://www.semanticweb.org/TaxiRides/Ride#187,http://www.semanticweb.org/TaxiRides/Taxi#2013000187,http://www.semanticweb.org/TaxiRides/Driver#2013000187
http://www.semanticweb.org/TaxiRides/Ride#188,http://www.semanticweb.org/TaxiRides/Taxi#2013000188,http://www.semanticweb.org/TaxiRides/Driver#2013000188
http://www.semanticweb.org/TaxiRides/Ride#189,http://www.semanticweb.org/TaxiRides/Taxi#2013000189,http://www.semanticweb.org/TaxiRides/Driver#2013000189
http://www.semanticweb.org/TaxiRides/Ride#190,http://www.semanticweb.org/TaxiRides/Taxi#2013000190,http://www.semanticweb.org/TaxiRides/Driver#2013000190
http://www.semanticweb.org/TaxiRides/Ride#191,http://www.semanticweb.org/TaxiRides/Taxi#2013000191,http://www.semanticweb.org/TaxiRides/Driver#2013000191
http://www.semanticweb.org/TaxiRides/Ride#192,http://www.semanticweb.org/TaxiRides/Taxi#2013000192,http://www.semanticweb.org/TaxiRides/Driver#2013000192
http://www.semanticweb.org/TaxiRides/Ride#193,http://www.semanticweb.org/TaxiRides/Taxi#2013000193,http://www.semanticweb.org/TaxiRides/Driver#2013000193
http://www.semanticweb.org/TaxiRides/Ride#194,http://www.semanticweb.org/TaxiRides/Taxi#2013000194,http://www.semanticweb.org/TaxiRides/Driver#2013000194
http://www.semanticweb.org/TaxiRides/Ride#195,http://www.semanticweb.org/TaxiRides/Taxi#2013000195,http://www.semanticweb.org/TaxiRides/Driver#2013000195
http://www.semanticweb.org/TaxiRides/Ride#196,http://www.semanticweb.org/TaxiRides/Taxi#2013000196,http://www.semanticweb.org/TaxiRides/Driver#2013000196
http://www.semanticweb.org/TaxiRides/Ride#197,http://www.semanticweb.org/TaxiRides/Taxi#2013000197,http://www.semanticweb.org/TaxiRides/Driver#2013000197
http://www.semanticweb.org/TaxiRides/Ride#198,http://www.semanticweb.org/TaxiRides/Taxi#2013000198,http://www.semanticweb.org/TaxiRides/Driver#2013000198
http://www.semanticweb.org/TaxiRides/Ride#199,http://www.semanticweb.org/TaxiRides/Taxi#2013000199,http://www.semanticweb.org/TaxiRides/Driver#2013000199
http://www.semanticweb.org/TaxiRides/Ride#200,http://www.semanticweb.org/TaxiRides/Taxi#2013000200,http://www.semanticweb.org/TaxiRides/Driver#2013000200
http://www.semanticweb.org/TaxiRides/Ride#201,http://www.semanticweb.org/TaxiRides/Taxi#2013000201,http://www.semanticweb.org/TaxiRides/Driver#2013000201
http://www.semanticweb.org/TaxiRides/Ride#202,http://www.semanticweb.org/TaxiRides/Taxi#2013000202,http://www.semanticweb.org/TaxiRides/Driver#2013000202
http://www.semanticweb.org/TaxiRides/Ride#203,http://www.semanticweb.org/TaxiRides/Taxi#2013000203,http://www.semanticweb.org/TaxiRides/Driver#2013000203
http://www.semanticweb.org/TaxiRides/Ride#204,http://www.semanticweb.org/TaxiRides/Taxi#2013000204,http://www.semanticweb.org/TaxiRides/Driver#2013000204
http://www.semanticweb.org/TaxiRides/Ride#205,http://www.semanticweb.org/TaxiRides/Taxi#2013000205,http://www.semanticweb.org/TaxiRides/Driver#2013000205
http://www.semanticweb.org/TaxiRides/Ride#206,http://www.semanticweb.org/TaxiRides/Taxi#2013000206,http://www.semanticweb.org/TaxiRides/Driver#2013000206
http://www.semanticweb.org/TaxiRides/Ride#207,http://www.semanticweb.org/TaxiRides/Taxi#2013000207,http://www.semanticweb.org/TaxiRides/Driver#2013000207
http://www.semanticweb.org/TaxiRides/Ride#208,http://www.semanticweb.org/TaxiRides/Taxi#2013000208,http://www.semanticweb.org/TaxiRides/Driver#2013000208
http://www.semanticweb.org/TaxiRides/Ride#209,http://www.semanticweb.org/TaxiRides/Taxi#2013000209,http://www.semanticweb.org/TaxiRides/Driver#2013000209
http://www.semanticweb.org/TaxiRides/Ride#210,http://www.semanticweb.org/TaxiRides/Taxi#2013000210,http://www.semanticweb.org/TaxiRides/Driver#2013000210
http://www.semanticweb.org/TaxiRides/Ride#211,http://www.semanticweb.org/TaxiRides/Taxi#2013000211,http://www.semanticweb.org/TaxiRides/Driver#2013000211
http://www.semanticweb.org/TaxiRides/Ride#212,http://www.semanticweb.org/TaxiRides/Taxi#2013000212,http://www.semanticweb.org/TaxiRides/Driver#2013000212
http://www.semanticweb.org/TaxiRides/Ride#213,http://www.semanticweb.org/TaxiRides/Taxi#2013000213,http://www.semanticweb.org/TaxiRides/Driver#2013000213
http://www.semanticweb.org/TaxiRides/Ride#214,http://www.semanticweb.org/TaxiRides/Taxi#2013000214,http://www.semanticweb.org/TaxiRides/Driver#2013000214
http://www.semanticweb.org/TaxiRides/Ride#215,http://www.semanticweb.org/TaxiRides/Taxi#2013000215,http://www.semanticweb.org/TaxiRides/Driver#2013000215
http://www.semanticweb.org/TaxiRides/Ride#216,http://www.semanticweb.org/TaxiRides/Taxi#2013000216,http://www.semanticweb.org/TaxiRides/Driver#2013000216
http://www.semanticweb.org/TaxiRides/Ride#217,http://www.semanticweb.org/TaxiRides/Taxi#2013000217,http://www.semanticweb.org/TaxiRides/Driver#2013000217
http://www.semanticweb.org/TaxiRides/Ride#218,http://www.semanticweb.org/TaxiRides/Taxi#2013000218,http://www.semanticweb.org/TaxiRides/Driver#2013000218
http://www.semanticweb.org/TaxiRides/Ride#219,http://www.semanticweb.org/TaxiRides/Taxi#2013000219,http://www.semanticweb.org/TaxiRides/Driver#2013000219
http://www.semanticweb.org/TaxiRides/Ride#220,http://www.semanticweb.org/TaxiRides/Taxi#2013000220,http://www.semanticweb.org/TaxiRides/Driver#2013000220
http://www.semanticweb.org/TaxiRides/Ride#221,http://www.semanticweb.org/TaxiRides/Taxi#2013000221,http://www.semanticweb.org/TaxiRides/Driver#2013000221
http://www.semanticweb.org/TaxiRides/Ride#222,http://www.semanticweb.org/TaxiRides/Taxi#2013000222,http://www.semanticweb.org/TaxiRides/Driver#2013000222
http://www.semanticweb.org/TaxiRides/Ride#223,http://www.semanticweb.org/TaxiRides/Taxi#2013000223,http://www.semanticweb.org/TaxiRides/Driver#2013000223
http://www.semanticweb.org/TaxiRides/Ride#224,http://www.semanticweb.org/TaxiRides/Taxi#2013000224,http://www.semanticweb.org/TaxiRides/Driver#2013000224
http://www.semanticweb.org/TaxiRides/Ride#225,http://www.semanticweb.org/TaxiRides/Taxi#2013000225,http://www.semanticweb.org/TaxiRides/Driver#2013000225
http://www.semanticweb.org/TaxiRides/Ride#226,http://www.semanticweb.org/TaxiRides/Taxi#2013000226,http://www.semanticweb.org/TaxiRides/Driver#2013000226
http://www.semanticweb.org/TaxiRides/Ride#227,http://www.semanticweb.org/TaxiRides/Taxi#2013000227,http://www.semanticweb.org/TaxiRides/Driver#2013000227
http://www.semanticweb.org/TaxiRides/Ride#228,http://www.semanticweb.org/TaxiRides/Taxi#2013000228,http://www.semanticweb.org/TaxiRides/Driver#2013000228
http://www.semanticweb.org/TaxiRides/Ride#229,http://www.semanticweb.org/TaxiRides/Taxi#2013000229,http://www.semanticweb.org/TaxiRides/Driver#2013000229
http://www.semanticweb.org/TaxiRides/Ride#253,http://www.semanticweb.org/TaxiRides/Taxi#2013000253,http://www.semanticweb.org/TaxiRides/Driver#2013000253
http://www.semanticweb.org/TaxiRides/Ride#265,http://www.semanticweb.org/TaxiRides/Taxi#2013000265,http://www.semanticweb.org/TaxiRides/Driver#2013000265
http://www.semanticweb.org/TaxiRides/Ride#266,http://www.semanticweb.org/TaxiRides/Taxi#2013000266,http://www.semanticweb.org/TaxiRides/Driver#2013000266
http://www.semanticweb.org/TaxiRides/Ride#264,http://www.semanticweb.org/TaxiRides/Taxi#2013000264,http://www.semanticweb.org/TaxiRides/Driver#2013000264
http://www.semanticweb.org/TaxiRides/Ride#267,http://www.semanticweb.org/TaxiRides/Taxi#2013000267,http://www.semanticweb.org/TaxiRides/Driver#2013000267
http://www.semanticweb.org/TaxiRides/Ride#263,http://www.semanticweb.org/TaxiRides/Taxi#2013000263,http://www.semanticweb.org/TaxiRides/Driver#2013000263
http://www.semanticweb.org/TaxiRides/Ride#268,http://www.semanticweb.org/TaxiRides/Taxi#2013000268,http://www.semanticweb.org/TaxiRides/Driver#2013000268
http://www.semanticweb.org/TaxiRides/Ride#262,http://www.semanticweb.org/TaxiRides/Taxi#2013000262,http://www.semanticweb.org/TaxiRides/Driver#2013000262
http://www.semanticweb.org/TaxiRides/Ride#269,http://www.semanticweb.org/TaxiRides/Taxi#2013000269,http://www.semanticweb.org/TaxiRides/Driver#2013000269
http://www.semanticweb.org/TaxiRides/Ride#261,http://www.semanticweb.org/TaxiRides/Taxi#2013000261,http://www.semanticweb.org/TaxiRides/Driver#2013000261
http://www.semanticweb.org/TaxiRides/Ride#270,http://www.semanticweb.org/TaxiRides/Taxi#2013000270,http://www.semanticweb.org/TaxiRides/Driver#2013000270
http://www.semanticweb.org/TaxiRides/Ride#260,http://www.semanticweb.org/TaxiRides/Taxi#2013000260,http://www.semanticweb.org/TaxiRides/Driver#2013000260
http://www.semanticweb.org/TaxiRides/Ride#271,http://www.semanticweb.org/TaxiRides/Taxi#2013000271,http://www.semanticweb.org/TaxiRides/Driver#2013000271
http://www.semanticweb.org/TaxiRides/Ride#259,http://www.semanticweb.org/TaxiRides/Taxi#2013000259,http://www.semanticweb.org/TaxiRides/Driver#2013000259
http://www.semanticweb.org/TaxiRides/Ride#272,http://www.semanticweb.org/TaxiRides/Taxi#2013000272,http://www.semanticweb.org/TaxiRides/Driver#2013000272
http://www.semanticweb.org/TaxiRides/Ride#258,http://www.semanticweb.org/TaxiRides/Taxi#2013000258,http://www.semanticweb.org/TaxiRides/Driver#2013000258
http://www.semanticweb.org/TaxiRides/Ride#273,http://www.semanticweb.org/TaxiRides/Taxi#2013000273,http://www.semanticweb.org/TaxiRides/Driver#2013000273
http://www.semanticweb.org/TaxiRides/Ride#257,http://www.semanticweb.org/TaxiRides/Taxi#2013000257,http://www.semanticweb.org/TaxiRides/Driver#2013000257
http://www.semanticweb.org/TaxiRides/Ride#274,http://www.semanticweb.org/TaxiRides/Taxi#2013000274,http://www.semanticweb.org/TaxiRides/Driver#2013000274
http://www.semanticweb.org/TaxiRides/Ride#256,http://www.semanticweb.org/TaxiRides/Taxi#2013000256,http://www.semanticweb.org/TaxiRides/Driver#2013000256
http://www.semanticweb.org/TaxiRides/Ride#275,http://www.semanticweb.org/TaxiRides/Taxi#2013000275,http://www.semanticweb.org/TaxiRides/Driver#2013000275
http://www.semanticweb.org/TaxiRides/Ride#255,http://www.semanticweb.org/TaxiRides/Taxi#2013000255,http://www.semanticweb.org/TaxiRides/Driver#2013000255
http://www.semanticweb.org/TaxiRides/Ride#276,http://www.semanticweb.org/TaxiRides/Taxi#2013000276,http://www.semanticweb.org/TaxiRides/Driver#2013000276
http://www.semanticweb.org/TaxiRides/Ride#254,http://www.semanticweb.org/TaxiRides/Taxi#2013000254,http://www.semanticweb.org/TaxiRides/Driver#2013000254
http://www.semanticweb.org/TaxiRides/Ride#277,http://www.semanticweb.org/TaxiRides/Taxi#2013000277,http://www.semanticweb.org/TaxiRides/Driver#2013000277
http://www.semanticweb.org/TaxiRides/Ride#252,http://www.semanticweb.org/TaxiRides/Taxi#2013000252,http://www.semanticweb.org/TaxiRides/Driver#2013000252
http://www.semanticweb.org/TaxiRides/Ride#278,http://www.semanticweb.org/TaxiRides/Taxi#2013000278,http://www.semanticweb.org/TaxiRides/Driver#2013000278
http://www.semanticweb.org/TaxiRides/Ride#251,http://www.semanticweb.org/TaxiRides/Taxi#2013000251,http://www.semanticweb.org/TaxiRides/Driver#2013000251
http://www.semanticweb.org/TaxiRides/Ride#279,http://www.semanticweb.org/TaxiRides/Taxi#2013000279,http://www.semanticweb.org/TaxiRides/Driver#2013000279
http://www.semanticweb.org/TaxiRides/Ride#250,http://www.semanticweb.org/TaxiRides/Taxi#2013000250,http://www.semanticweb.org/TaxiRides/Driver#2013000250
http://www.semanticweb.org/TaxiRides/Ride#280,http://www.semanticweb.org/TaxiRides/Taxi#2013000280,http://www.semanticweb.org/TaxiRides/Driver#2013000280
http://www.semanticweb.org/TaxiRides/Ride#249,http://www.semanticweb.org/TaxiRides/Taxi#2013000249,http://www.semanticweb.org/TaxiRides/Driver#2013000249
http://www.semanticweb.org/TaxiRides/Ride#281,http://www.semanticweb.org/TaxiRides/Taxi#2013000281,http://www.semanticweb.org/TaxiRides/Driver#2013000281
http://www.semanticweb.org/TaxiRides/Ride#248,http://www.semanticweb.org/TaxiRides/Taxi#2013000248,http://www.semanticweb.org/TaxiRides/Driver#2013000248
http://www.semanticweb.org/TaxiRides/Ride#282,http://www.semanticweb.org/TaxiRides/Taxi#2013000282,http://www.semanticweb.org/TaxiRides/Driver#2013000282
http://www.semanticweb.org/TaxiRides/Ride#247,http://www.semanticweb.org/TaxiRides/Taxi#2013000247,http://www.semanticweb.org/TaxiRides/Driver#2013000247
http://www.semanticweb.org/TaxiRides/Ride#283,http://www.semanticweb.org/TaxiRides/Taxi#2013000283,http://www.semanticweb.org/TaxiRides/Driver#2013000283
http://www.semanticweb.org/TaxiRides/Ride#246,http://www.semanticweb.org/TaxiRides/Taxi#2013000246,http://www.semanticweb.org/TaxiRides/Driver#2013000246
http://www.semanticweb.org/TaxiRides/Ride#284,http://www.semanticweb.org/TaxiRides/Taxi#2013000284,http://www.semanticweb.org/TaxiRides/Driver#2013000284
http://www.semanticweb.org/TaxiRides/Ride#245,http://www.semanticweb.org/TaxiRides/Taxi#2013000245,http://www.semanticweb.org/TaxiRides/Driver#2013000245
http://www.semanticweb.org/TaxiRides/Ride#285,http://www.semanticweb.org/TaxiRides/Taxi#2013000285,http://www.semanticweb.org/TaxiRides/Driver#2013000285
http://www.semanticweb.org/TaxiRides/Ride#244,http://www.semanticweb.org/TaxiRides/Taxi#2013000244,http://www.semanticweb.org/TaxiRides/Driver#2013000244
http://www.semanticweb.org/TaxiRides/Ride#286,http://www.semanticweb.org/TaxiRides/Taxi#2013000286,http://www.semanticweb.org/TaxiRides/Driver#2013000286
http://www.semanticweb.org/TaxiRides/Ride#243,http://www.semanticweb.org/TaxiRides/Taxi#2013000243,http://www.semanticweb.org/TaxiRides/Driver#2013000243
http://www.semanticweb.org/TaxiRides/Ride#287,http://www.semanticweb.org/TaxiRides/Taxi#2013000287,http://www.semanticweb.org/TaxiRides/Driver#2013000287
http://www.semanticweb.org/TaxiRides/Ride#242,http://www.semanticweb.org/TaxiRides/Taxi#2013000242,http://www.semanticweb.org/TaxiRides/Driver#2013000242
http://www.semanticweb.org/TaxiRides/Ride#288,http://www.semanticweb.org/TaxiRides/Taxi#2013000288,http://www.semanticweb.org/TaxiRides/Driver#2013000288
http://www.semanticweb.org/TaxiRides/Ride#241,http://www.semanticweb.org/TaxiRides/Taxi#2013000241,http://www.semanticweb.org/TaxiRides/Driver#2013000241
http://www.semanticweb.org/TaxiRides/Ride#289,http://www.semanticweb.org/TaxiRides/Taxi#2013000289,http://www.semanticweb.org/TaxiRides/Driver#2013000289
http://www.semanticweb.org/TaxiRides/Ride#240,http://www.semanticweb.org/TaxiRides/Taxi#2013000240,http://www.semanticweb.org/TaxiRides/Driver#2013000240
http://www.semanticweb.org/TaxiRides/Ride#290,http://www.semanticweb.org/TaxiRides/Taxi#2013000290,http://www.semanticweb.org/TaxiRides/Driver#2013000290
http://www.semanticweb.org/TaxiRides/Ride#239,http://www.semanticweb.org/TaxiRides/Taxi#2013000239,http://www.semanticweb.org/TaxiRides/Driver#2013000239
http://www.semanticweb.org/TaxiRides/Ride#291,http://www.semanticweb.org/TaxiRides/Taxi#2013000291,http://www.semanticweb.org/TaxiRides/Driver#2013000291
http://www.semanticweb.org/TaxiRides/Ride#238,http://www.semanticweb.org/TaxiRides/Taxi#2013000238,http://www.semanticweb.org/TaxiRides/Driver#2013000238
http://www.semanticweb.org/TaxiRides/Ride#292,http://www.semanticweb.org/TaxiRides/Taxi#2013000292,http://www.semanticweb.org/TaxiRides/Driver#2013000292
http://www.semanticweb.org/TaxiRides/Ride#237,http://www.semanticweb.org/TaxiRides/Taxi#2013000237,http://www.semanticweb.org/TaxiRides/Driver#2013000237
http://www.semanticweb.org/TaxiRides/Ride#293,http://www.semanticweb.org/TaxiRides/Taxi#2013000293,http://www.semanticweb.org/TaxiRides/Driver#2013000293
http://www.semanticweb.org/TaxiRides/Ride#236,http://www.semanticweb.org/TaxiRides/Taxi#2013000236,http://www.semanticweb.org/TaxiRides/Driver#2013000236
http://www.semanticweb.org/TaxiRides/Ride#294,http://www.semanticweb.org/TaxiRides/Taxi#2013000294,http://www.semanticweb.org/TaxiRides/Driver#2013000294
http://www.semanticweb.org/TaxiRides/Ride#235,http://www.semanticweb.org/TaxiRides/Taxi#2013000235,http://www.semanticweb.org/TaxiRides/Driver#2013000235
http://www.semanticweb.org/TaxiRides/Ride#295,http://www.semanticweb.org/TaxiRides/Taxi#2013000295,http://www.semanticweb.org/TaxiRides/Driver#2013000295
http://www.semanticweb.org/TaxiRides/Ride#234,http://www.semanticweb.org/TaxiRides/Taxi#2013000234,http://www.semanticweb.org/TaxiRides/Driver#2013000234
http://www.semanticweb.org/TaxiRides/Ride#296,http://www.semanticweb.org/TaxiRides/Taxi#2013000296,http://www.semanticweb.org/TaxiRides/Driver#2013000296
http://www.semanticweb.org/TaxiRides/Ride#233,http://www.semanticweb.org/TaxiRides/Taxi#2013000233,http://www.semanticweb.org/TaxiRides/Driver#2013000233
http://www.semanticweb.org/TaxiRides/Ride#297,http://www.semanticweb.org/TaxiRides/Taxi#2013000297,http://www.semanticweb.org/TaxiRides/Driver#2013000297
http://www.semanticweb.org/TaxiRides/Ride#232,http://www.semanticweb.org/TaxiRides/Taxi#2013000232,http://www.semanticweb.org/TaxiRides/Driver#2013000232
http://www.semanticweb.org/TaxiRides/Ride#298,http://www.semanticweb.org/TaxiRides/Taxi#2013000298,http://www.semanticweb.org/TaxiRides/Driver#2013000298
http://www.semanticweb.org/TaxiRides/Ride#231,http://www.semanticweb.org/TaxiRides/Taxi#2013000231,http://www.semanticweb.org/TaxiRides/Driver#2013000231
http://www.semanticweb.org/TaxiRides/Ride#299,http://www.semanticweb.org/TaxiRides/Taxi#2013000299,http://www.semanticweb.org/TaxiRides/Driver#2013000299
http://www.semanticweb.org/TaxiRides/Ride#230,http://www.semanticweb.org/TaxiRides/Taxi#2013000230,http://www.semanticweb.org/TaxiRides/Driver#2013000230
http://www.semanticweb.org/TaxiRides/Ride#300,http://www.semanticweb.org/TaxiRides/Taxi#2013000300,http://www.semanticweb.org/TaxiRides/Driver#2013000300
http://www.semanticweb.org/TaxiRides/Ride#301,http://www.semanticweb.org/TaxiRides/Taxi#2013000301,http://www.semanticweb.org/TaxiRides/Driver#2013000301
http://www.semanticweb.org/TaxiRides/Ride#302,http://www.semanticweb.org/TaxiRides/Taxi#2013000302,http://www.semanticweb.org/TaxiRides/Driver#2013000302
http://www.semanticweb.org/TaxiRides/Ride#303,http://www.semanticweb.org/TaxiRides/Taxi#2013000303,http://www.semanticweb.org/TaxiRides/Driver#2013000303
http://www.semanticweb.org/TaxiRides/Ride#304,http://www.semanticweb.org/TaxiRides/Taxi#2013000304,http://www.semanticweb.org/TaxiRides/Driver#2013000304
http://www.semanticweb.org/TaxiRides/Ride#305,http://www.semanticweb.org/TaxiRides/Taxi#2013000305,http://www.semanticweb.org/TaxiRides/Driver#2013000305
http://www.semanticweb.org/TaxiRides/Ride#306,http://www.semanticweb.org/TaxiRides/Taxi#2013000306,http://www.semanticweb.org/TaxiRides/Driver#2013000306
http://www.semanticweb.org/TaxiRides/Ride#307,http://www.semanticweb.org/TaxiRides/Taxi#2013000307,http://www.semanticweb.org/TaxiRides/Driver#2013000307
http://www.semanticweb.org/TaxiRides/Ride#308,http://www.semanticweb.org/TaxiRides/Taxi#2013000308,http://www.semanticweb.org/TaxiRides/Driver#2013000308
http://www.semanticweb.org/TaxiRides/Ride#309,http://www.semanticweb.org/TaxiRides/Taxi#2013000309,http://www.semanticweb.org/TaxiRides/Driver#2013000309
http://www.semanticweb.org/TaxiRides/Ride#310,http://www.semanticweb.org/TaxiRides/Taxi#2013000310,http://www.semanticweb.org/TaxiRides/Driver#2013000310
http://www.semanticweb.org/TaxiRides/Ride#311,http://www.semanticweb.org/TaxiRides/Taxi#2013000311,http://www.semanticweb.org/TaxiRides/Driver#2013000311
http://www.semanticweb.org/TaxiRides/Ride#312,http://www.semanticweb.org/TaxiRides/Taxi#2013000312,http://www.semanticweb.org/TaxiRides/Driver#2013000312
http://www.semanticweb.org/TaxiRides/Ride#313,http://www.semanticweb.org/TaxiRides/Taxi#2013000313,http://www.semanticweb.org/TaxiRides/Driver#2013000313
http://www.semanticweb.org/TaxiRides/Ride#314,http://www.semanticweb.org/TaxiRides/Taxi#2013000314,http://www.semanticweb.org/TaxiRides/Driver#2013000314
http://www.semanticweb.org/TaxiRides/Ride#315,http://www.semanticweb.org/TaxiRides/Taxi#2013000315,http://www.semanticweb.org/TaxiRides/Driver#2013000315
http://www.semanticweb.org/TaxiRides/Ride#316,http://www.semanticweb.org/TaxiRides/Taxi#2013000316,http://www.semanticweb.org/TaxiRides/Driver#2013000316
http://www.semanticweb.org/TaxiRides/Ride#317,http://www.semanticweb.org/TaxiRides/Taxi#2013000317,http://www.semanticweb.org/TaxiRides/Driver#2013000317
http://www.semanticweb.org/TaxiRides/Ride#318,http://www.semanticweb.org/TaxiRides/Taxi#2013000318,http://www.semanticweb.org/TaxiRides/Driver#2013000318
http://www.semanticweb.org/TaxiRides/Ride#319,http://www.semanticweb.org/TaxiRides/Taxi#2013000319,http://www.semanticweb.org/TaxiRides/Driver#2013000319
http://www.semanticweb.org/TaxiRides/Ride#320,http://www.semanticweb.org/TaxiRides/Taxi#2013000320,http://www.semanticweb.org/TaxiRides/Driver#2013000320
http://www.semanticweb.org/TaxiRides/Ride#321,http://www.semanticweb.org/TaxiRides/Taxi#2013000321,http://www.semanticweb.org/TaxiRides/Driver#2013000321
http://www.semanticweb.org/TaxiRides/Ride#322,http://www.semanticweb.org/TaxiRides/Taxi#2013000322,http://www.semanticweb.org/TaxiRides/Driver#2013000322
http://www.semanticweb.org/TaxiRides/Ride#323,http://www.semanticweb.org/TaxiRides/Taxi#2013000323,http://www.semanticweb.org/TaxiRides/Driver#2013000323
http://www.semanticweb.org/TaxiRides/Ride#324,http://www.semanticweb.org/TaxiRides/Taxi#2013000324,http://www.semanticweb.org/TaxiRides/Driver#2013000324
http://www.semanticweb.org/TaxiRides/Ride#325,http://www.semanticweb.org/TaxiRides/Taxi#2013000325,http://www.semanticweb.org/TaxiRides/Driver#2013000325
http://www.semanticweb.org/TaxiRides/Ride#326,http://www.semanticweb.org/TaxiRides/Taxi#2013000326,http://www.semanticweb.org/TaxiRides/Driver#2013000326
http://www.semanticweb.org/TaxiRides/Ride#327,http://www.semanticweb.org/TaxiRides/Taxi#2013000327,http://www.semanticweb.org/TaxiRides/Driver#2013000327
http://www.semanticweb.org/TaxiRides/Ride#328,http://www.semanticweb.org/TaxiRides/Taxi#2013000328,http://www.semanticweb.org/TaxiRides/Driver#2013000328
http://www.semanticweb.org/TaxiRides/Ride#329,http://www.semanticweb.org/TaxiRides/Taxi#2013000329,http://www.semanticweb.org/TaxiRides/Driver#2013000329
http://www.semanticweb.org/TaxiRides/Ride#330,http://www.semanticweb.org/TaxiRides/Taxi#2013000330,http://www.semanticweb.org/TaxiRides/Driver#2013000330
http://www.semanticweb.org/TaxiRides/Ride#331,http://www.semanticweb.org/TaxiRides/Taxi#2013000331,http://www.semanticweb.org/TaxiRides/Driver#2013000331
http://www.semanticweb.org/TaxiRides/Ride#332,http://www.semanticweb.org/TaxiRides/Taxi#2013000332,http://www.semanticweb.org/TaxiRides/Driver#2013000332
http://www.semanticweb.org/TaxiRides/Ride#333,http://www.semanticweb.org/TaxiRides/Taxi#2013000333,http://www.semanticweb.org/TaxiRides/Driver#2013000333
http://www.semanticweb.org/TaxiRides/Ride#334,http://www.semanticweb.org/TaxiRides/Taxi#2013000334,http://www.semanticweb.org/TaxiRides/Driver#2013000334
http://www.semanticweb.org/TaxiRides/Ride#335,http://www.semanticweb.org/TaxiRides/Taxi#2013000335,http://www.semanticweb.org/TaxiRides/Driver#2013000335
http://www.semanticweb.org/TaxiRides/Ride#336,http://www.semanticweb.org/TaxiRides/Taxi#2013000336,http://www.semanticweb.org/TaxiRides/Driver#2013000336
http://www.semanticweb.org/TaxiRides/Ride#337,http://www.semanticweb.org/TaxiRides/Taxi#2013000337,http://www.semanticweb.org/TaxiRides/Driver#2013000337
http://www.semanticweb.org/TaxiRides/Ride#338,http://www.semanticweb.org/TaxiRides/Taxi#2013000338,http://www.semanticweb.org/TaxiRides/Driver#2013000338
http://www.semanticweb.org/TaxiRides/Ride#339,http://www.semanticweb.org/TaxiRides/Taxi#2013000339,http://www.semanticweb.org/TaxiRides/Driver#2013000339
http://www.semanticweb.org/TaxiRides/Ride#340,http://www.semanticweb.org/TaxiRides/Taxi#2013000340,http://www.semanticweb.org/TaxiRides/Driver#2013000340
http://www.semanticweb.org/TaxiRides/Ride#341,http://www.semanticweb.org/TaxiRides/Taxi#2013000341,http://www.semanticweb.org/TaxiRides/Driver#2013000341
http://www.semanticweb.org/TaxiRides/Ride#342,http://www.semanticweb.org/TaxiRides/Taxi#2013000342,http://www.semanticweb.org/TaxiRides/Driver#2013000342
http://www.semanticweb.org/TaxiRides/Ride#343,http://www.semanticweb.org/TaxiRides/Taxi#2013000343,http://www.semanticweb.org/TaxiRides/Driver#2013000343
http://www.semanticweb.org/TaxiRides/Ride#344,http://www.semanticweb.org/TaxiRides/Taxi#2013000344,http://www.semanticweb.org/TaxiRides/Driver#2013000344
http://www.semanticweb.org/TaxiRides/Ride#345,http://www.semanticweb.org/TaxiRides/Taxi#2013000345,http://www.semanticweb.org/TaxiRides/Driver#2013000345
http://www.semanticweb.org/TaxiRides/Ride#346,http://www.semanticweb.org/TaxiRides/Taxi#2013000346,http://www.semanticweb.org/TaxiRides/Driver#2013000346
http://www.semanticweb.org/TaxiRides/Ride#347,http://www.semanticweb.org/TaxiRides/Taxi#2013000347,http://www.semanticweb.org/TaxiRides/Driver#2013000347
http://www.semanticweb.org/TaxiRides/Ride#348,http://www.semanticweb.org/TaxiRides/Taxi#2013000348,http://www.semanticweb.org/TaxiRides/Driver#2013000348
http://www.semanticweb.org/TaxiRides/Ride#349,http://www.semanticweb.org/TaxiRides/Taxi#2013000349,http://www.semanticweb.org/TaxiRides/Driver#2013000349
http://www.semanticweb.org/TaxiRides/Ride#350,http://www.semanticweb.org/TaxiRides/Taxi#2013000350,http://www.semanticweb.org/TaxiRides/Driver#2013000350
http://www.semanticweb.org/TaxiRides/Ride#351,http://www.semanticweb.org/TaxiRides/Taxi#2013000351,http://www.semanticweb.org/TaxiRides/Driver#2013000351
http://www.semanticweb.org/TaxiRides/Ride#352,http://www.semanticweb.org/TaxiRides/Taxi#2013000352,http://www.semanticweb.org/TaxiRides/Driver#2013000352
http://www.semanticweb.org/TaxiRides/Ride#353,http://www.semanticweb.org/TaxiRides/Taxi#2013000353,http://www.semanticweb.org/TaxiRides/Driver#2013000353
http://www.semanticweb.org/TaxiRides/Ride#354,http://www.semanticweb.org/TaxiRides/Taxi#2013000354,http://www.semanticweb.org/TaxiRides/Driver#2013000354
http://www.semanticweb.org/TaxiRides/Ride#355,http://www.semanticweb.org/TaxiRides/Taxi#2013000355,http://www.semanticweb.org/TaxiRides/Driver#2013000355
http://www.semanticweb.org/TaxiRides/Ride#356,http://www.semanticweb.org/TaxiRides/Taxi#2013000356,http://www.semanticweb.org/TaxiRides/Driver#2013000356
http://www.semanticweb.org/TaxiRides/Ride#357,http://www.semanticweb.org/TaxiRides/Taxi#2013000357,http://www.semanticweb.org/TaxiRides/Driver#2013000357
http://www.semanticweb.org/TaxiRides/Ride#358,http://www.semanticweb.org/TaxiRides/Taxi#2013000358,http://www.semanticweb.org/TaxiRides/Driver#2013000358
http://www.semanticweb.org/TaxiRides/Ride#359,http://www.semanticweb.org/TaxiRides/Taxi#2013000359,http://www.semanticweb.org/TaxiRides/Driver#2013000359
http://www.semanticweb.org/TaxiRides/Ride#360,http://www.semanticweb.org/TaxiRides/Taxi#2013000360,http://www.semanticweb.org/TaxiRides/Driver#2013000360
http://www.semanticweb.org/TaxiRides/Ride#361,http://www.semanticweb.org/TaxiRides/Taxi#2013000361,http://www.semanticweb.org/TaxiRides/Driver#2013000361
http://www.semanticweb.org/TaxiRides/Ride#362,http://www.semanticweb.org/TaxiRides/Taxi#2013000362,http://www.semanticweb.org/TaxiRides/Driver#2013000362
http://www.semanticweb.org/TaxiRides/Ride#363,http://www.semanticweb.org/TaxiRides/Taxi#2013000363,http://www.semanticweb.org/TaxiRides/Driver#2013000363
http://www.semanticweb.org/TaxiRides/Ride#364,http://www.semanticweb.org/TaxiRides/Taxi#2013000364,http://www.semanticweb.org/TaxiRides/Driver#2013000364
http://www.semanticweb.org/TaxiRides/Ride#365,http://www.semanticweb.org/TaxiRides/Taxi#2013000365,http://www.semanticweb.org/TaxiRides/Driver#2013000365
